symbol,date,open,high,low,close,volume
20MICRONS,2025-03-18,189.9,202.0,187.09,198.99,95224
20MICRONS,2025-03-19,199.0,214.0,198.0,201.15,147127
20MICRONS,2025-03-20,202.0,204.95,200.42,201.11,75022
20MICRONS,2025-03-21,202.65,205.71,201.49,204.18,68420
20MICRONS,2025-03-24,208.0,212.39,202.21,204.2,145695
20MICRONS,2025-03-25,206.0,207.23,200.01,202.26,145681
20MICRONS,2025-03-26,202.26,203.0,194.1,195.16,78074
20MICRONS,2025-03-27,191.6,196.5,191.57,192.42,128974
20MICRONS,2025-03-28,194.1,202.01,188.0,191.04,115354
20MICRONS,2025-04-01,191.0,211.09,189.96,206.81,164514
20MICRONS,2025-04-02,207.0,209.59,201.01,207.32,73293
20MICRONS,2025-04-03,207.32,212.0,203.35,207.35,74816
20MICRONS,2025-04-04,204.61,206.0,192.0,198.27,146828
20MICRONS,2025-04-07,180.0,194.89,168.0,190.01,172631
20MICRONS,2025-04-08,198.0,198.99,187.92,191.13,84100
20MICRONS,2025-04-09,190.9,192.09,185.11,190.32,45504
20MICRONS,2025-04-11,196.6,199.79,192.16,195.15,43483
20MICRONS,2025-04-15,199.11,207.03,198.05,204.64,84307
20MICRONS,2025-04-16,205.15,208.58,204.02,206.24,58695
20MICRONS,2025-04-17,207.9,224.45,206.24,218.38,333590
20MICRONS,2025-04-21,220.3,221.99,216.75,218.62,94696
20MICRONS,2025-04-22,218.0,232.65,215.21,229.07,277000
20MICRONS,2025-04-23,229.9,234.65,224.4,227.48,98360
20MICRONS,2025-04-24,228.0,235.6,225.05,230.8,123930
20MICRONS,2025-04-25,232.0,232.0,217.35,218.76,158776
20MICRONS,2025-04-28,220.32,223.2,215.21,219.72,93335
20MICRONS,2025-04-29,218.5,230.0,215.0,222.39,162691
20MICRONS,2025-04-30,222.39,222.9,209.01,210.52,113893
20MICRONS,2025-05-02,212.2,217.8,207.0,208.52,60379
20MICRONS,2025-05-05,210.19,221.8,207.21,217.6,96338
20MICRONS,2025-05-06,217.6,222.25,210.0,212.04,103828
20MICRONS,2025-05-07,207.0,218.0,207.0,215.11,98506
20MICRONS,2025-05-08,217.26,218.17,208.0,209.1,52999
20MICRONS,2025-05-09,205.0,221.99,202.0,214.94,189941
20MICRONS,2025-05-12,222.35,234.0,221.12,226.85,182533
20MICRONS,2025-05-13,228.55,228.91,219.5,221.27,92233
20MICRONS,2025-05-14,221.27,225.0,218.99,220.67,62521
20MICRONS,2025-05-15,222.35,225.28,220.78,224.02,47699
20MICRONS,2025-05-16,226.25,226.25,220.0,222.09,90955
20MICRONS,2025-05-19,222.09,244.9,222.09,240.6,336076
20MICRONS,2025-05-20,244.46,249.75,235.01,236.14,207448
20MICRONS,2025-05-21,237.9,238.2,231.32,235.31,65739
20MICRONS,2025-05-22,235.61,244.97,235.61,242.25,170752
20MICRONS,2025-05-23,247.99,247.99,239.99,243.1,137333
20MICRONS,2025-05-26,238.41,244.59,235.22,236.76,165883
20MICRONS,2025-05-27,238.99,238.99,228.78,233.74,118879
20MICRONS,2025-05-28,233.0,238.0,229.27,230.71,81415
20MICRONS,2025-05-29,232.15,232.73,226.43,229.39,68709
20MICRONS,2025-05-30,229.95,230.85,225.0,225.84,73770
20MICRONS,2025-06-02,224.2,226.02,217.35,222.35,234470
20MICRONS,2025-06-03,222.35,229.74,218.82,220.01,223151
20MICRONS,2025-06-04,221.1,221.99,215.05,217.56,122286
20MICRONS,2025-06-05,219.4,233.65,219.4,229.31,426424
20MICRONS,2025-06-06,229.33,232.6,223.15,227.34,167624
20MICRONS,2025-06-09,229.9,234.51,227.27,228.17,117867
20MICRONS,2025-06-10,230.5,230.5,223.33,224.05,122553
20MICRONS,2025-06-11,223.33,239.97,223.33,234.47,324681
20MICRONS,2025-06-12,234.47,234.48,226.52,228.14,92405
20MICRONS,2025-06-13,225.2,226.99,221.0,224.69,112205
20MICRONS,2025-06-16,226.8,250.1,218.85,238.73,207251
20MICRONS,2025-06-17,244.99,245.0,231.65,236.99,375161
20MICRONS,2025-06-18,234.6,237.28,231.2,232.98,65322
20MICRONS,2025-06-19,232.98,239.0,224.0,225.29,92236
20MICRONS,2025-06-20,225.29,227.99,221.17,224.0,98100
20MICRONS,2025-06-23,224.0,225.24,220.59,222.91,87153
20MICRONS,2025-06-24,226.68,231.4,224.8,228.27,97583
20MICRONS,2025-06-25,228.0,233.79,227.89,231.61,66339
20MICRONS,2025-06-26,232.5,234.5,228.41,230.29,59192
20MICRONS,2025-06-27,234.0,237.86,228.51,229.36,103324
20MICRONS,2025-06-30,226.2,234.89,226.2,231.28,147501
20MICRONS,2025-07-01,233.6,235.85,228.74,231.94,81262
20MICRONS,2025-07-02,230.3,237.01,227.0,228.07,127756
20MICRONS,2025-07-03,227.0,227.92,224.0,225.5,116453
20MICRONS,2025-07-04,224.15,231.0,219.88,228.62,175606
20MICRONS,2025-07-07,228.6,231.23,222.03,223.63,119324
20MICRONS,2025-07-08,223.63,226.29,220.03,223.17,76075
20MICRONS,2025-07-09,226.95,226.95,220.2,220.75,101018
20MICRONS,2025-07-10,223.0,232.2,221.17,227.61,251129
20MICRONS,2025-07-11,226.5,227.78,222.27,223.66,91872
20MICRONS,2025-07-14,224.0,224.57,221.25,223.42,57629
20MICRONS,2025-07-15,225.65,226.98,221.6,224.93,93691
20MICRONS,2025-07-16,228.0,268.0,227.11,259.75,4013967
20MICRONS,2025-07-17,259.9,259.9,251.42,255.01,517794
20MICRONS,2025-07-18,256.88,273.0,251.0,264.99,1441882
20MICRONS,2025-07-21,266.55,270.99,256.41,258.52,486773
20MICRONS,2025-07-22,261.1,280.0,257.43,274.28,1055797
20MICRONS,2025-07-23,277.0,283.93,272.59,278.03,728200
20MICRONS,2025-07-24,275.0,275.66,269.0,270.33,157093
20MICRONS,2025-07-25,270.33,277.8,263.12,268.56,375963
20MICRONS,2025-07-28,267.02,267.02,233.6,239.47,585661
20MICRONS,2025-07-29,236.5,263.99,236.5,253.3,1090171
20MICRONS,2025-07-30,254.3,258.3,242.4,244.85,190326
20MICRONS,2025-07-31,239.95,246.51,231.36,234.47,371909
20MICRONS,2025-08-01,234.41,241.03,233.56,235.65,205134
20MICRONS,2025-08-04,237.88,246.0,235.65,244.33,258114
20MICRONS,2025-08-05,244.33,246.03,234.05,236.15,258339
20MICRONS,2025-08-06,238.0,238.99,231.45,232.73,132660
20MICRONS,2025-08-07,231.5,235.57,229.22,234.04,126834
20MICRONS,2025-08-08,234.5,237.6,230.05,231.85,94544
20MICRONS,2025-08-11,231.5,233.4,229.81,231.93,94942
20MICRONS,2025-08-12,231.93,236.51,228.5,230.78,90253
20MICRONS,2025-08-13,231.7,234.5,229.05,230.02,73115
20MICRONS,2025-08-14,230.95,232.37,227.75,228.65,57648
20MICRONS,2025-08-18,230.33,230.36,226.1,227.4,132356
20MICRONS,2025-08-19,227.5,246.61,226.0,240.8,295207
20MICRONS,2025-08-20,239.9,240.59,235.76,237.4,86508
20MICRONS,2025-08-21,237.6,239.99,231.57,232.33,114032
20MICRONS,2025-08-22,233.0,241.7,232.65,234.36,144509
20MICRONS,2025-08-25,235.09,239.87,231.35,233.56,92170
20MICRONS,2025-08-26,233.56,234.15,227.02,228.91,79770
20MICRONS,2025-08-28,228.02,233.5,225.84,230.57,70930
20MICRONS,2025-08-29,230.75,234.6,228.02,230.87,69878
20MICRONS,2025-09-01,231.8,238.26,228.44,231.98,106066
20MICRONS,2025-09-02,233.13,237.0,231.31,232.56,57705
20MICRONS,2025-09-03,234.9,237.49,227.35,232.51,141810
20MICRONS,2025-09-04,232.59,238.01,232.0,233.27,85583
20MICRONS,2025-09-05,235.6,235.94,229.5,231.41,102139
20MICRONS,2025-09-08,231.99,235.41,229.0,230.02,112074
20MICRONS,2025-09-09,230.53,232.56,225.6,227.02,105914
20MICRONS,2025-09-10,228.5,231.0,226.0,226.66,106283
20MICRONS,2025-09-11,227.55,231.0,226.61,227.37,53581
20MICRONS,2025-09-12,228.85,231.0,225.86,226.58,76601
20MICRONS,2025-09-15,227.11,227.69,223.61,225.27,137689
20MICRONS,2025-09-16,225.98,227.25,223.66,225.67,110547
20MICRONS,2025-09-17,226.79,231.0,226.2,227.37,75143
20MICRONS,2025-09-18,227.5,237.45,227.5,230.33,275039
20MICRONS,2025-09-19,229.0,231.92,229.0,230.51,64790
20MICRONS,2025-09-22,230.0,232.05,227.3,228.35,192126
20MICRONS,2025-09-23,228.5,232.0,225.25,226.24,73388
20MICRONS,2025-09-24,228.0,230.2,224.55,227.74,94523
20MICRONS,2025-09-25,227.2,228.0,223.65,225.34,84461
20MICRONS,2025-09-26,225.34,226.24,220.0,220.78,102455
20MICRONS,2025-09-29,220.0,221.98,208.22,210.44,164732
20MICRONS,2025-09-30,211.0,215.0,204.5,207.16,171507
20MICRONS,2025-10-01,208.35,215.49,208.35,213.99,117495
20MICRONS,2025-10-03,215.99,218.89,214.78,217.17,96502
20MICRONS,2025-10-06,217.18,220.94,210.0,212.66,108525
20MICRONS,2025-10-07,213.05,214.9,210.0,210.76,65943
20MICRONS,2025-10-08,212.65,217.74,211.02,212.85,85908
20MICRONS,2025-10-09,213.45,217.72,208.35,209.78,95346
20MICRONS,2025-10-10,210.48,214.78,207.82,212.33,96785
20MICRONS,2025-10-13,212.33,215.0,209.41,211.96,64596
20MICRONS,2025-10-14,213.99,219.99,212.79,214.5,125721
20MICRONS,2025-10-15,215.44,216.98,213.49,215.96,71617
20MICRONS,2025-10-16,215.96,218.77,215.76,216.84,41947
20MICRONS,2025-10-17,216.84,216.97,213.5,214.57,49166
20MICRONS,2025-10-20,216.65,216.65,206.0,208.86,167665
20MICRONS,2025-10-21,211.98,213.3,210.21,212.28,20505
20MICRONS,2025-10-23,215.45,215.45,211.32,212.27,47010
20MICRONS,2025-10-24,211.5,213.0,208.7,210.51,52448
20MICRONS,2025-10-27,211.0,211.86,208.57,210.26,64341
20MICRONS,2025-10-28,210.6,211.54,208.62,209.37,51403
20MICRONS,2025-10-29,210.2,210.2,206.8,208.14,77494
20MICRONS,2025-10-30,210.22,210.23,206.0,207.74,49292
20MICRONS,2025-10-31,206.72,207.9,204.76,206.83,60289
20MICRONS,2025-11-03,206.83,221.2,206.83,217.71,218244
20MICRONS,2025-11-04,218.0,220.98,214.0,216.05,82091
20MICRONS,2025-11-06,218.5,218.5,207.06,208.31,93455
20MICRONS,2025-11-07,208.31,215.0,206.0,213.21,67345
20MICRONS,2025-11-10,207.3,211.8,202.76,203.33,148535
20MICRONS,2025-11-11,203.73,205.5,197.0,197.7,113294
20MICRONS,2025-11-12,199.0,201.44,198.0,199.25,78618
20MICRONS,2025-11-13,199.25,201.1,197.55,197.95,99414
20MICRONS,2025-11-14,197.9,199.06,191.6,193.63,95278
20MICRONS,2025-11-17,195.55,196.31,193.5,195.09,66440
20MICRONS,2025-11-18,194.09,196.9,190.0,195.1,45911
20MICRONS,2025-11-19,198.75,198.75,192.1,194.67,37242
20MICRONS,2025-11-20,194.0,195.96,190.0,190.86,56469
20MICRONS,2025-11-21,190.0,193.19,189.56,190.37,49898
20MICRONS,2025-11-24,189.2,190.36,184.18,185.16,82495
20MICRONS,2025-11-25,186.09,189.0,183.61,187.98,52135
20MICRONS,2025-11-26,191.99,197.59,187.11,195.62,63500
20MICRONS,2025-11-27,196.4,198.01,193.25,193.99,49499
20MICRONS,2025-11-28,192.05,194.16,189.4,191.34,88207
20MICRONS,2025-12-01,192.04,195.57,190.27,191.56,41491
20MICRONS,2025-12-02,191.75,191.75,188.9,189.42,38543
20MICRONS,2025-12-03,188.0,192.0,186.26,190.6,65939
20MICRONS,2025-12-04,190.6,193.29,188.25,189.92,38690
20MICRONS,2025-12-05,190.11,191.0,184.9,188.66,72146
20MICRONS,2025-12-08,188.66,189.99,184.06,185.58,60961
20MICRONS,2025-12-09,182.8,193.52,182.6,189.11,94186
20MICRONS,2025-12-10,189.0,191.85,188.0,188.36,33413
20MICRONS,2025-12-11,189.02,190.92,185.56,188.1,51965
20MICRONS,2025-12-12,188.76,191.5,188.76,190.5,35816
20MICRONS,2025-12-15,190.02,193.35,188.2,192.61,55790
20MICRONS,2025-12-16,193.75,197.9,190.41,195.92,65384
20MICRONS,2025-12-17,195.35,196.47,189.62,191.21,43806
20MICRONS,2025-12-18,192.17,192.39,189.34,191.21,39646
20MICRONS,2025-12-19,193.1,193.1,190.05,192.33,33564
20MICRONS,2025-12-22,194.24,196.64,193.58,194.53,56691
20MICRONS,2025-12-23,196.0,202.7,193.61,198.67,75764
20MICRONS,2025-12-24,200.8,201.39,196.81,197.85,56396
20MICRONS,2025-12-26,200.99,237.4,196.61,217.71,10772476
20MICRONS,2025-12-29,218.36,223.9,213.2,220.68,1246535
20MICRONS,2025-12-30,221.0,228.7,215.02,217.2,1011119
20MICRONS,2025-12-31,218.0,221.79,212.0,212.77,253140
20MICRONS,2026-01-01,214.47,214.47,208.41,212.08,163949
20MICRONS,2026-01-02,214.2,217.79,209.01,214.3,206190
20MICRONS,2026-01-05,214.85,217.15,208.06,209.16,95150
20MICRONS,2026-01-06,209.5,214.64,203.15,205.18,160605
20MICRONS,2026-01-07,205.4,211.2,204.64,207.54,105576
20MICRONS,2026-01-08,206.9,209.89,200.25,201.01,135437
20MICRONS,2026-01-09,200.0,201.98,194.3,195.72,109967
20MICRONS,2026-01-12,194.94,195.5,190.0,192.88,123892
20MICRONS,2026-01-13,193.0,197.0,189.68,190.64,100472
20MICRONS,2026-01-14,190.82,195.0,189.82,190.47,71917
20MICRONS,2026-01-16,191.01,191.9,184.1,186.11,117606
20MICRONS,2026-01-19,186.0,186.0,183.0,185.43,81647
20MICRONS,2026-01-20,184.2,185.6,175.67,176.9,136376
20MICRONS,2026-01-21,174.25,178.6,172.11,174.62,139561
20MICRONS,2026-01-22,176.54,182.5,176.13,180.07,105568
20MICRONS,2026-01-23,180.55,182.0,178.2,179.01,90742
20MICRONS,2026-01-27,177.81,178.0,167.05,168.75,209688
20MICRONS,2026-01-28,168.76,181.78,168.76,178.24,133775
20MICRONS,2026-01-29,179.7,179.7,172.61,173.77,83150
20MICRONS,2026-01-30,175.31,176.5,169.5,175.28,73668
20MICRONS,2026-02-01,174.83,178.02,171.0,172.55,57259
20MICRONS,2026-02-02,175.0,175.0,162.52,168.86,126691
20MICRONS,2026-02-03,178.8,178.8,170.4,172.88,108007
20MICRONS,2026-02-04,172.88,175.85,168.36,170.59,207805
20MICRONS,2026-02-05,171.41,173.49,166.91,168.34,101428
20MICRONS,2026-02-06,168.55,173.0,167.0,171.02,134059
20MICRONS,2026-02-09,172.6,187.05,172.6,183.87,284350
20MICRONS,2026-02-10,183.87,184.64,180.36,181.73,56973
20MICRONS,2026-02-11,181.73,201.5,181.73,188.07,555072
20MICRONS,2026-02-12,188.07,195.34,185.29,187.23,221335
20MICRONS,2026-02-13,185.0,186.11,180.1,181.07,76537
20MICRONS,2026-02-16,181.07,184.63,179.97,183.06,62560
20MICRONS,2026-02-17,182.5,186.8,182.01,184.77,44683
20MICRONS,2026-02-18,184.55,186.34,181.0,181.95,62050
20MICRONS,2026-02-19,184.0,186.75,180.0,180.86,90929
20MICRONS,2026-02-20,181.64,181.64,177.63,178.76,50087
20MICRONS,2026-02-23,180.28,181.0,177.45,178.86,61886
20MICRONS,2026-02-24,179.04,179.49,172.75,175.7,100039
20MICRONS,2026-02-25,175.7,177.8,174.01,174.92,45707
20MICRONS,2026-02-26,174.1,178.5,174.1,176.35,41724
20MICRONS,2026-02-27,175.24,181.38,173.65,174.69,69944
20MICRONS,2026-03-02,171.38,171.38,163.81,170.18,72056
20MICRONS,2026-03-04,166.6,170.18,164.56,168.88,99513
20MICRONS,2026-03-05,169.88,171.69,165.33,167.43,64770
20MICRONS,2026-03-06,166.1,169.38,166.1,166.87,33908
20MICRONS,2026-03-09,161.3,166.87,160.0,163.78,66311
20MICRONS,2026-03-10,164.0,168.09,164.0,166.92,38895
20MICRONS,2026-03-11,167.33,170.17,165.0,166.61,82201
20MICRONS,2026-03-12,164.1,166.25,161.72,163.09,102669
20MICRONS,2026-03-13,161.53,163.24,156.35,157.25,107765
20MICRONS,2026-03-16,156.1,157.94,146.35,151.31,357805
20MICRONS,2026-03-17,152.5,154.27,150.21,153.17,90786
20MICRONS,2026-03-18,153.21,159.74,153.21,156.03,92289
20MICRONS,2026-03-19,154.95,154.96,149.0,149.89,100166
20MICRONS,2026-03-20,152.0,153.99,148.65,151.02,110174
20MICRONS,2026-03-23,148.9,150.47,140.65,143.04,166178
20MICRONS,2026-03-24,145.3,150.59,144.45,147.19,150487
20MICRONS,2026-03-25,148.81,154.59,148.15,151.67,85533
20MICRONS,2026-03-27,150.01,150.92,137.61,140.72,257213
20MICRONS,2026-03-30,139.81,140.84,129.61,133.14,234233
20MICRONS,2026-04-01,135.1,148.65,135.1,147.48,138243
20MICRONS,2026-04-02,141.62,151.59,141.13,149.9,105655
20MICRONS,2026-04-06,152.15,155.0,146.35,154.13,95795
20MICRONS,2026-04-07,154.13,158.0,150.54,154.62,74249
20MICRONS,2026-04-08,158.65,163.65,158.0,161.48,92229
20MICRONS,2026-04-09,163.5,165.0,158.15,159.38,108034
20MICRONS,2026-04-10,159.05,163.87,159.05,162.37,97771
20MICRONS,2026-04-13,162.15,166.0,156.1,160.39,110921
20MICRONS,2026-04-15,164.0,170.0,161.7,168.64,126635
20MICRONS,2026-04-16,170.01,184.95,168.1,181.89,862011
20MICRONS,2026-04-17,182.9,186.8,179.5,184.09,227793
20MICRONS,2026-04-20,184.43,187.0,175.2,177.22,176570
20MICRONS,2026-04-21,177.16,181.7,176.55,177.43,67100
20MICRONS,2026-04-22,178.14,179.58,177.1,178.38,65747
20MICRONS,2026-04-23,178.9,185.5,176.81,180.77,146714
20MICRONS,2026-04-24,180.62,181.01,174.3,175.6,73356
20MICRONS,2026-04-27,180.0,180.0,177.0,178.45,47586
20MICRONS,2026-04-28,178.63,180.2,177.26,178.37,35899
20MICRONS,2026-04-29,179.0,184.4,177.15,179.35,93026
20MICRONS,2026-04-30,179.55,179.82,175.41,176.89,53904
20MICRONS,2026-05-04,177.11,180.7,176.63,179.21,56050
20MICRONS,2026-05-05,176.7,181.5,176.7,180.25,40674
20MICRONS,2026-05-06,182.4,184.13,178.0,182.32,109136
20MICRONS,2026-05-07,183.8,186.7,182.32,184.2,89735
20MICRONS,2026-05-08,185.0,187.04,180.65,181.81,87277
20MICRONS,2026-05-11,182.0,184.68,176.99,179.97,119150
20MICRONS,2026-05-12,181.7,181.98,175.41,177.95,28295
21STCENMGM,2025-03-18,65.0,65.0,63.91,63.91,6234
21STCENMGM,2025-03-19,62.63,63.9,62.63,62.63,9760
21STCENMGM,2025-03-20,61.5,63.85,61.5,62.44,5768
21STCENMGM,2025-03-21,62.44,63.68,62.35,63.5,16853
21STCENMGM,2025-03-24,64.77,64.77,64.77,64.77,1574
21STCENMGM,2025-03-25,66.06,66.06,66.06,66.06,4786
21STCENMGM,2025-03-26,67.25,67.38,67.25,67.37,7187
21STCENMGM,2025-03-27,68.71,68.71,68.0,68.04,4456
21STCENMGM,2025-03-28,68.68,69.35,66.67,66.67,4516
21STCENMGM,2025-04-01,67.95,67.95,65.34,67.9,5539
21STCENMGM,2025-04-02,69.2,69.2,66.55,69.0,4518
21STCENMGM,2025-04-03,69.34,70.38,68.1,70.38,8367
21STCENMGM,2025-04-04,70.0,71.78,68.97,71.78,9691
21STCENMGM,2025-04-07,70.34,70.34,70.34,70.34,1692
21STCENMGM,2025-04-08,68.93,71.69,68.93,70.23,4691
21STCENMGM,2025-04-09,69.0,71.63,69.0,71.4,1802
21STCENMGM,2025-04-11,72.75,72.75,70.93,71.63,3021
21STCENMGM,2025-04-15,73.06,73.06,71.05,73.06,2573
21STCENMGM,2025-04-16,74.45,74.52,73.06,74.52,8184
21STCENMGM,2025-04-17,76.0,76.01,76.0,76.01,4252
21STCENMGM,2025-04-21,77.53,77.53,76.5,77.53,4014
21STCENMGM,2025-04-22,79.05,79.08,76.51,78.89,4901
21STCENMGM,2025-04-23,80.3,80.3,77.55,79.14,5501
21STCENMGM,2025-04-24,80.0,80.7,78.1,78.64,2934
21STCENMGM,2025-04-25,78.7,80.0,77.06,77.21,4412
21STCENMGM,2025-04-28,78.3,78.3,75.69,76.2,4834
21STCENMGM,2025-04-29,77.45,77.45,74.67,74.92,4001
21STCENMGM,2025-04-30,73.9,76.3,73.42,73.42,3006
21STCENMGM,2025-05-02,71.95,73.42,71.95,72.1,1164
21STCENMGM,2025-05-05,70.65,73.45,70.65,70.65,4743
21STCENMGM,2025-05-06,69.6,70.2,69.23,69.23,1819
21STCENMGM,2025-05-07,67.84,67.84,67.84,67.84,2158
21STCENMGM,2025-05-08,66.5,68.42,66.48,66.78,7667
21STCENMGM,2025-05-09,66.78,68.0,65.44,65.44,2621
21STCENMGM,2025-05-12,66.6,66.74,65.55,66.74,8116
21STCENMGM,2025-05-13,66.74,68.07,65.44,68.07,5214
21STCENMGM,2025-05-14,68.07,69.43,67.5,69.21,12519
21STCENMGM,2025-05-15,70.4,70.59,69.21,70.59,10169
21STCENMGM,2025-05-16,71.95,72.0,71.22,71.99,8566
21STCENMGM,2025-05-19,73.4,73.42,72.0,73.39,3782
21STCENMGM,2025-05-20,73.5,74.84,71.92,71.92,5772
21STCENMGM,2025-05-21,73.25,73.3,71.41,72.31,1243
21STCENMGM,2025-05-22,72.32,73.25,70.86,70.93,3108
21STCENMGM,2025-05-23,70.93,71.45,69.51,69.87,2266
21STCENMGM,2025-05-26,71.26,71.26,70.0,70.77,3878
21STCENMGM,2025-05-27,70.78,72.18,70.0,71.73,7798
21STCENMGM,2025-05-28,71.55,73.16,71.55,72.21,3759
21STCENMGM,2025-05-29,72.35,73.5,71.15,72.47,3973
21STCENMGM,2025-05-30,71.03,72.1,71.02,71.02,3180
21STCENMGM,2025-06-02,69.6,69.6,69.59,69.59,5640
21STCENMGM,2025-06-03,68.19,69.5,68.19,68.19,12538
21STCENMGM,2025-06-04,66.82,68.45,66.82,66.89,6925
21STCENMGM,2025-06-05,67.01,68.2,65.55,66.06,5481
21STCENMGM,2025-06-06,65.73,67.38,65.1,67.23,11278
21STCENMGM,2025-06-09,65.93,68.57,65.93,67.21,10355
21STCENMGM,2025-06-10,68.45,68.45,66.51,66.93,16697
21STCENMGM,2025-06-11,67.0,67.58,65.6,65.98,5564
21STCENMGM,2025-06-12,67.2,67.2,65.41,66.21,9873
21STCENMGM,2025-06-13,64.9,66.12,64.88,64.96,3815
21STCENMGM,2025-06-16,65.8,65.8,63.66,64.3,4685
21STCENMGM,2025-06-17,63.66,65.5,63.31,64.25,4040
21STCENMGM,2025-06-18,65.44,65.53,63.61,65.53,2499
21STCENMGM,2025-06-19,66.8,66.84,64.89,66.08,5847
21STCENMGM,2025-06-20,66.74,67.4,65.0,66.37,3861
21STCENMGM,2025-06-23,67.0,67.0,65.04,65.04,3626
21STCENMGM,2025-06-24,63.73,63.73,63.73,63.73,5003
21STCENMGM,2025-06-25,62.45,62.5,62.45,62.45,11176
21STCENMGM,2025-06-26,62.27,62.27,61.2,61.2,8076
21STCENMGM,2025-06-27,59.97,59.97,59.97,59.97,3600
21STCENMGM,2025-06-30,58.77,58.77,58.77,58.77,6347
21STCENMGM,2025-07-01,57.59,57.59,57.59,57.59,7028
21STCENMGM,2025-07-02,56.43,58.74,56.43,58.74,17607
21STCENMGM,2025-07-03,59.91,59.91,59.13,59.91,6905
21STCENMGM,2025-07-04,61.1,61.1,61.1,61.1,994
21STCENMGM,2025-07-07,62.32,62.32,61.5,62.21,13507
21STCENMGM,2025-07-08,61.5,63.45,61.5,62.94,15497
21STCENMGM,2025-07-09,64.07,64.19,61.68,61.98,15852
21STCENMGM,2025-07-10,62.0,63.21,60.74,61.55,10746
21STCENMGM,2025-07-11,62.42,62.42,60.31,60.66,9846
21STCENMGM,2025-07-14,60.31,60.66,59.44,59.44,4765
21STCENMGM,2025-07-15,59.44,59.44,58.25,58.25,8561
21STCENMGM,2025-07-16,57.09,59.41,57.09,58.02,7607
21STCENMGM,2025-07-17,59.0,59.18,58.0,59.17,12885
21STCENMGM,2025-07-18,59.17,60.35,58.34,59.72,7627
21STCENMGM,2025-07-21,60.9,60.9,58.54,59.17,9387
21STCENMGM,2025-07-22,58.38,60.0,58.0,58.36,11456
21STCENMGM,2025-07-23,58.4,59.49,57.91,58.98,3135
21STCENMGM,2025-07-24,59.95,59.95,58.58,59.62,10244
21STCENMGM,2025-07-25,60.64,60.75,59.16,60.18,14131
21STCENMGM,2025-07-28,60.18,61.35,59.1,60.33,14634
21STCENMGM,2025-07-29,61.2,61.5,59.2,61.06,12599
21STCENMGM,2025-07-30,61.2,62.03,59.83,60.14,16576
21STCENMGM,2025-07-31,59.05,60.13,58.93,58.98,4705
21STCENMGM,2025-08-01,58.98,60.1,57.85,59.04,2524
21STCENMGM,2025-08-04,60.02,60.14,58.11,58.17,6903
21STCENMGM,2025-08-05,57.42,58.2,57.0,57.72,3291
21STCENMGM,2025-08-06,56.9,58.83,56.63,57.17,3411
21STCENMGM,2025-08-07,56.89,57.92,56.02,57.48,3863
21STCENMGM,2025-08-08,56.39,58.49,56.33,56.55,3888
21STCENMGM,2025-08-11,56.55,57.67,55.51,55.7,2839
21STCENMGM,2025-08-12,55.7,56.81,55.7,56.61,1654
21STCENMGM,2025-08-13,55.57,57.67,55.53,56.95,4188
21STCENMGM,2025-08-14,56.95,56.95,56.05,56.05,3611
21STCENMGM,2025-08-18,55.02,57.04,55.0,56.72,6324
21STCENMGM,2025-08-19,57.85,57.85,56.12,56.95,5639
21STCENMGM,2025-08-20,56.95,57.63,56.12,56.85,2638
21STCENMGM,2025-08-21,57.98,57.98,56.57,56.84,1938
21STCENMGM,2025-08-22,56.84,57.45,56.0,56.0,2153
21STCENMGM,2025-08-25,56.99,56.99,54.88,55.02,6805
21STCENMGM,2025-08-26,55.29,56.0,53.95,53.98,7526
21STCENMGM,2025-08-28,55.05,55.05,53.32,53.84,5461
21STCENMGM,2025-08-29,54.73,54.73,53.0,53.03,9853
21STCENMGM,2025-09-01,53.01,53.01,51.96,52.26,8576
21STCENMGM,2025-09-02,53.3,53.3,51.7,53.22,3152
21STCENMGM,2025-09-03,53.2,54.2,52.41,54.12,3697
21STCENMGM,2025-09-04,55.15,55.15,53.03,53.37,7827
21STCENMGM,2025-09-05,52.37,54.23,52.36,52.57,1595
21STCENMGM,2025-09-08,53.62,53.62,52.02,53.62,813
21STCENMGM,2025-09-09,54.2,54.5,52.67,53.49,6139
21STCENMGM,2025-09-10,53.49,54.4,53.49,53.99,8462
21STCENMGM,2025-09-11,55.06,55.06,53.05,53.29,6198
21STCENMGM,2025-09-12,53.9,53.9,52.26,53.85,3051
21STCENMGM,2025-09-15,54.0,54.5,52.85,53.13,9388
21STCENMGM,2025-09-16,53.13,53.49,52.1,53.17,9558
21STCENMGM,2025-09-17,54.2,54.23,52.21,53.75,5415
21STCENMGM,2025-09-18,53.75,54.47,52.75,53.32,1068
21STCENMGM,2025-09-19,53.32,54.1,52.32,52.42,5298
21STCENMGM,2025-09-22,52.0,53.45,51.81,52.51,6453
21STCENMGM,2025-09-23,53.39,53.4,51.55,52.87,4423
21STCENMGM,2025-09-24,53.7,53.7,51.85,51.98,2006
21STCENMGM,2025-09-25,53.01,53.01,51.36,52.05,4045
21STCENMGM,2025-09-26,52.98,52.98,51.05,51.4,1349
21STCENMGM,2025-09-29,51.17,52.37,50.4,51.29,6910
21STCENMGM,2025-09-30,52.31,52.31,50.3,51.56,7705
21STCENMGM,2025-10-01,51.0,52.29,50.52,51.09,2550
21STCENMGM,2025-10-03,50.06,51.9,50.06,50.21,5967
21STCENMGM,2025-10-06,49.2,50.9,49.2,50.09,4414
21STCENMGM,2025-10-07,50.0,50.87,49.08,49.08,11555
21STCENMGM,2025-10-08,49.99,49.99,48.1,48.16,6018
21STCENMGM,2025-10-09,48.99,48.99,47.24,47.79,1853
21STCENMGM,2025-10-10,48.0,48.57,47.01,47.2,6102
21STCENMGM,2025-10-13,48.14,48.14,46.41,46.7,2788
21STCENMGM,2025-10-14,46.7,47.63,46.15,47.23,11315
21STCENMGM,2025-10-15,48.17,48.17,46.36,47.0,5538
21STCENMGM,2025-10-16,47.94,47.94,46.5,47.75,3883
21STCENMGM,2025-10-17,47.75,48.7,47.52,48.7,8956
21STCENMGM,2025-10-20,49.65,49.65,47.85,48.41,10465
21STCENMGM,2025-10-21,49.37,49.37,47.61,48.05,1809
21STCENMGM,2025-10-23,48.74,48.74,47.16,47.25,3896
21STCENMGM,2025-10-24,46.3,48.09,46.3,46.88,3724
21STCENMGM,2025-10-27,46.98,47.0,45.94,46.01,5221
21STCENMGM,2025-10-28,46.9,46.93,45.08,45.63,7661
21STCENMGM,2025-10-29,45.45,46.54,44.99,45.89,6722
21STCENMGM,2025-10-30,46.47,46.8,45.21,46.29,7969
21STCENMGM,2025-10-31,45.7,47.21,45.7,46.7,2330
21STCENMGM,2025-11-03,46.9,47.6,45.92,46.88,6144
21STCENMGM,2025-11-04,46.9,47.7,45.94,46.04,11716
21STCENMGM,2025-11-06,45.95,46.96,45.31,46.96,45250
21STCENMGM,2025-11-07,46.9,47.89,46.9,47.89,4960
21STCENMGM,2025-11-10,46.95,46.95,46.93,46.93,3511
21STCENMGM,2025-11-11,46.93,46.93,45.99,45.99,1338
21STCENMGM,2025-11-12,45.07,45.9,45.07,45.07,8420
21STCENMGM,2025-11-13,44.16,45.0,44.16,44.16,6825
21STCENMGM,2025-11-14,43.27,43.27,43.27,43.27,2175
21STCENMGM,2025-11-17,42.4,43.27,42.4,42.4,8770
21STCENMGM,2025-11-18,43.0,43.0,41.55,41.55,8875
21STCENMGM,2025-11-19,40.75,41.55,40.71,40.71,8682
21STCENMGM,2025-11-20,40.0,41.45,39.89,39.89,6984
21STCENMGM,2025-11-21,39.89,39.89,39.09,39.09,4836
21STCENMGM,2025-11-24,39.0,39.0,38.3,38.3,1908
21STCENMGM,2025-11-25,37.53,37.8,37.53,37.53,2069
21STCENMGM,2025-11-26,37.35,37.35,36.77,36.77,25812
21STCENMGM,2025-11-27,36.03,37.5,36.03,37.5,6999
21STCENMGM,2025-11-28,37.75,38.25,37.75,38.25,718
21STCENMGM,2025-12-01,39.01,39.01,39.01,39.01,670
21STCENMGM,2025-12-02,39.79,39.79,39.79,39.79,2364
21STCENMGM,2025-12-03,40.58,40.58,40.58,40.58,324
21STCENMGM,2025-12-04,41.39,41.39,41.39,41.39,2748
21STCENMGM,2025-12-05,42.21,42.21,42.21,42.21,9961
21STCENMGM,2025-12-08,43.05,43.05,41.55,43.05,5744
21STCENMGM,2025-12-09,43.88,43.91,42.22,42.79,12651
21STCENMGM,2025-12-10,43.62,43.64,42.8,43.61,1413
21STCENMGM,2025-12-11,44.44,44.44,43.06,44.08,2797
21STCENMGM,2025-12-12,43.25,44.96,43.25,44.88,3618
21STCENMGM,2025-12-15,45.0,45.77,44.37,45.77,9574
21STCENMGM,2025-12-16,46.68,46.68,45.01,46.68,7638
21STCENMGM,2025-12-17,47.61,47.61,46.68,47.6,24951
21STCENMGM,2025-12-18,48.06,48.55,48.06,48.55,7472
21STCENMGM,2025-12-19,49.52,49.52,47.6,48.74,17758
21STCENMGM,2025-12-22,49.71,49.71,49.7,49.71,6330
21STCENMGM,2025-12-23,50.7,50.7,49.83,50.7,10603
21STCENMGM,2025-12-24,51.71,51.71,51.71,51.71,3105
21STCENMGM,2025-12-26,52.74,52.74,52.74,52.74,883
21STCENMGM,2025-12-29,53.79,53.79,51.69,51.69,14714
21STCENMGM,2025-12-30,51.69,51.69,50.66,50.66,2609
21STCENMGM,2025-12-31,49.65,49.65,49.65,49.65,711
21STCENMGM,2026-01-01,48.66,50.64,48.66,49.03,18636
21STCENMGM,2026-01-02,48.09,50.0,48.05,49.39,7321
21STCENMGM,2026-01-05,48.41,50.37,48.41,49.37,17124
21STCENMGM,2026-01-06,49.0,49.52,48.39,48.39,3211
21STCENMGM,2026-01-07,47.45,49.22,47.45,47.5,6865
21STCENMGM,2026-01-08,47.43,48.45,46.55,47.37,1311
21STCENMGM,2026-01-09,47.37,48.29,46.43,46.43,613
21STCENMGM,2026-01-12,46.0,46.2,45.51,45.75,5840
21STCENMGM,2026-01-13,45.75,46.61,44.84,45.2,1214
21STCENMGM,2026-01-14,44.3,46.09,44.3,44.65,3784
21STCENMGM,2026-01-16,43.76,44.9,43.76,43.76,5388
21STCENMGM,2026-01-19,44.5,44.5,42.89,42.89,808
21STCENMGM,2026-01-20,42.04,42.04,42.04,42.04,1063
21STCENMGM,2026-01-21,42.88,42.88,41.2,41.2,1254
21STCENMGM,2026-01-22,41.0,41.2,40.38,40.38,1085
21STCENMGM,2026-01-23,39.63,41.0,39.58,39.58,1301
21STCENMGM,2026-01-27,38.79,39.0,38.79,38.79,1122
21STCENMGM,2026-01-28,38.79,38.79,38.02,38.02,2196
21STCENMGM,2026-01-29,37.26,37.26,37.26,37.26,3744
21STCENMGM,2026-01-30,37.99,38.0,36.52,38.0,5387
21STCENMGM,2026-02-01,38.75,38.76,37.24,37.24,7019
21STCENMGM,2026-02-02,36.5,37.98,36.5,37.91,6792
21STCENMGM,2026-02-03,38.61,38.66,38.61,38.66,1360
21STCENMGM,2026-02-04,39.43,39.43,39.43,39.43,9641
21STCENMGM,2026-02-05,40.2,40.21,40.2,40.21,981
21STCENMGM,2026-02-06,39.41,41.0,39.41,40.31,9941
21STCENMGM,2026-02-09,41.11,41.11,39.55,39.88,10921
21STCENMGM,2026-02-10,40.39,40.39,39.5,39.5,1326
21STCENMGM,2026-02-11,39.5,40.25,38.76,38.9,3263
21STCENMGM,2026-02-12,38.8,39.67,38.2,38.78,1862
21STCENMGM,2026-02-13,38.2,39.49,38.01,38.28,1372
21STCENMGM,2026-02-16,39.04,39.04,37.56,38.37,2546
21STCENMGM,2026-02-17,37.75,38.93,37.75,37.77,2307
21STCENMGM,2026-02-18,38.52,38.52,37.02,37.49,6781
21STCENMGM,2026-02-19,38.09,38.09,36.75,36.81,2365
21STCENMGM,2026-02-20,36.76,36.76,36.08,36.44,2946
21STCENMGM,2026-02-23,36.44,37.15,35.75,36.06,5382
21STCENMGM,2026-02-24,36.44,36.75,35.4,36.67,1226
21STCENMGM,2026-02-25,36.67,37.39,36.1,36.27,4986
21STCENMGM,2026-02-26,36.27,36.7,35.61,36.49,681
21STCENMGM,2026-02-27,37.09,37.09,36.05,36.34,3801
21STCENMGM,2026-03-02,35.77,35.77,35.62,35.62,7266
21STCENMGM,2026-03-04,35.0,35.0,34.91,34.91,747
21STCENMGM,2026-03-05,34.91,34.91,34.22,34.29,859
21STCENMGM,2026-03-06,34.45,34.94,33.61,33.79,8301
21STCENMGM,2026-03-09,33.12,34.35,33.12,33.9,1860
21STCENMGM,2026-03-10,33.9,34.55,33.26,34.53,8322
21STCENMGM,2026-03-11,35.2,35.2,33.91,33.94,1664
21STCENMGM,2026-03-12,34.26,34.61,33.31,33.64,1484
21STCENMGM,2026-03-13,34.3,34.3,32.97,32.97,4223
21STCENMGM,2026-03-16,32.97,33.59,32.32,32.72,8718
21STCENMGM,2026-03-17,33.15,33.15,32.3,32.99,807
21STCENMGM,2026-03-18,33.45,33.45,32.34,32.66,3590
21STCENMGM,2026-03-19,33.19,33.19,32.01,32.55,1675
21STCENMGM,2026-03-20,33.15,33.15,31.9,31.9,4264
21STCENMGM,2026-03-23,32.39,32.39,31.27,31.27,10080
21STCENMGM,2026-03-24,31.27,31.85,30.65,30.7,2937
21STCENMGM,2026-03-25,30.65,31.31,30.09,30.09,14362
21STCENMGM,2026-03-27,30.09,30.09,29.49,29.49,10616
21STCENMGM,2026-03-30,29.47,29.47,28.91,28.91,1386
21STCENMGM,2026-04-01,28.5,29.45,28.5,29.4,1356
21STCENMGM,2026-04-02,29.4,29.4,28.82,28.82,2087
21STCENMGM,2026-04-06,28.82,29.39,28.25,28.62,3604
21STCENMGM,2026-04-07,29.19,29.19,28.35,28.6,103
21STCENMGM,2026-04-08,29.17,29.17,29.17,29.17,935
21STCENMGM,2026-04-09,29.75,29.75,29.75,29.75,522
21STCENMGM,2026-04-10,30.34,30.34,29.75,30.34,5053
21STCENMGM,2026-04-13,30.84,30.94,29.75,30.55,20989
21STCENMGM,2026-04-15,31.0,31.16,30.54,31.16,10822
21STCENMGM,2026-04-16,31.78,31.78,31.78,31.78,1675
21STCENMGM,2026-04-17,32.41,32.41,32.41,32.41,2294
21STCENMGM,2026-04-20,33.05,33.05,33.05,33.05,612
21STCENMGM,2026-04-21,33.71,33.71,33.71,33.71,5334
21STCENMGM,2026-04-22,34.31,34.38,34.31,34.38,4514
21STCENMGM,2026-04-23,35.06,35.06,35.06,35.06,1284
21STCENMGM,2026-04-24,35.76,35.76,35.76,35.76,10954
21STCENMGM,2026-04-27,36.47,36.47,35.05,36.45,13058
21STCENMGM,2026-04-28,37.14,37.14,35.73,36.02,6703
21STCENMGM,2026-04-29,35.3,36.46,35.3,36.21,2078
21STCENMGM,2026-04-30,36.21,36.74,35.69,36.58,744
21STCENMGM,2026-05-04,37.25,37.25,35.91,36.69,593
21STCENMGM,2026-05-05,36.69,36.69,35.96,35.96,1776
21STCENMGM,2026-05-06,36.62,36.62,35.25,35.25,3164
21STCENMGM,2026-05-07,35.25,35.69,34.6,34.7,6312
21STCENMGM,2026-05-08,34.5,35.31,34.25,34.65,3128
21STCENMGM,2026-05-11,35.29,35.29,34.1,34.27,5084
21STCENMGM,2026-05-12,34.25,34.84,34.0,34.84,579
360ONE,2025-03-18,855.5,919.95,855.5,914.8,2043895
360ONE,2025-03-19,914.8,943.85,887.3,923.8,2776070
360ONE,2025-03-20,923.8,930.0,913.5,926.6,554710
360ONE,2025-03-21,926.6,982.0,914.2,942.75,4892340
360ONE,2025-03-24,950.0,997.6,942.8,978.75,1536573
360ONE,2025-03-25,978.05,988.5,966.9,977.8,757033
360ONE,2025-03-26,972.95,983.25,941.25,959.65,397546
360ONE,2025-03-27,950.0,987.0,942.0,971.4,1816532
360ONE,2025-03-28,976.7,983.0,924.9,942.65,969709
360ONE,2025-04-01,949.0,954.75,883.05,888.15,529235
360ONE,2025-04-02,889.95,897.6,872.55,890.55,310152
360ONE,2025-04-03,890.0,919.95,886.4,912.5,355479
360ONE,2025-04-04,912.5,931.8,837.95,849.35,962981
360ONE,2025-04-07,806.6,897.95,790.5,886.55,919861
360ONE,2025-04-08,883.0,889.8,843.05,847.7,880189
360ONE,2025-04-09,848.05,852.75,804.3,808.55,554023
360ONE,2025-04-11,825.95,880.9,812.0,870.2,1958890
360ONE,2025-04-15,900.0,950.0,895.0,938.7,2860927
360ONE,2025-04-16,933.95,958.0,917.3,943.75,866333
360ONE,2025-04-17,954.95,990.6,950.05,956.8,2754876
360ONE,2025-04-21,968.0,985.5,948.0,954.25,2264748
360ONE,2025-04-22,975.0,1024.0,953.0,1013.9,3326459
360ONE,2025-04-23,1020.0,1068.9,1019.95,1059.75,3333648
360ONE,2025-04-24,1058.0,1068.0,1008.0,1018.25,1961884
360ONE,2025-04-25,1024.7,1024.7,965.8,971.7,1165532
360ONE,2025-04-28,972.0,997.0,947.0,983.9,937547
360ONE,2025-04-29,984.0,996.7,976.6,983.05,731964
360ONE,2025-04-30,975.05,1019.95,975.05,986.05,2937845
360ONE,2025-05-02,985.55,988.25,943.1,946.85,493439
360ONE,2025-05-05,942.2,948.35,922.0,937.3,530064
360ONE,2025-05-06,940.4,947.3,902.15,906.3,524503
360ONE,2025-05-07,902.0,941.85,890.25,932.15,1357495
360ONE,2025-05-08,927.25,942.3,908.0,913.05,717894
360ONE,2025-05-09,882.6,922.0,882.6,915.8,853218
360ONE,2025-05-12,940.0,990.0,940.0,962.0,1014955
360ONE,2025-05-13,966.0,990.0,961.85,965.6,552909
360ONE,2025-05-14,976.0,990.0,949.75,988.2,697367
360ONE,2025-05-15,995.0,1024.0,975.0,1016.6,1071460
360ONE,2025-05-16,1022.45,1032.45,993.5,1000.55,560528
360ONE,2025-05-19,1010.0,1036.65,993.55,1021.25,729845
360ONE,2025-05-20,1024.25,1030.0,981.0,994.4,602579
360ONE,2025-05-21,1014.9,1018.45,994.7,1012.2,406917
360ONE,2025-05-22,1009.95,1018.5,982.85,992.1,342383
360ONE,2025-05-23,995.0,1019.85,983.3,1017.45,473437
360ONE,2025-05-26,1029.15,1037.7,1009.45,1016.75,410602
360ONE,2025-05-27,1023.0,1023.0,1001.5,1009.3,279324
360ONE,2025-05-28,1009.8,1029.0,1009.3,1024.95,671847
360ONE,2025-05-29,1030.0,1031.8,1007.0,1025.05,319865
360ONE,2025-05-30,1015.05,1029.0,993.0,997.45,1273280
360ONE,2025-06-02,1005.0,1040.0,1002.65,1019.5,737518
360ONE,2025-06-03,1029.85,1046.8,1012.0,1014.15,473711
360ONE,2025-06-04,1016.2,1033.0,1005.55,1024.25,419409
360ONE,2025-06-05,1027.0,1089.45,1009.05,1074.0,1555439
360ONE,2025-06-06,1107.4,1125.0,1054.1,1064.8,2406203
360ONE,2025-06-09,1077.2,1087.35,1047.2,1065.6,1548191
360ONE,2025-06-10,1074.5,1077.75,998.0,1062.3,479653
360ONE,2025-06-11,1073.05,1113.8,1060.45,1087.1,1488940
360ONE,2025-06-12,1090.0,1110.0,1070.05,1081.4,1560231
360ONE,2025-06-13,1060.1,1150.0,1056.4,1140.5,2538226
360ONE,2025-06-16,1140.0,1191.6,1120.9,1169.6,2302686
360ONE,2025-06-17,1172.0,1178.6,1140.15,1146.2,894802
360ONE,2025-06-18,1147.6,1178.8,1113.05,1118.65,791793
360ONE,2025-06-19,1122.35,1160.0,1100.1,1114.4,839416
360ONE,2025-06-20,1107.75,1149.85,1104.4,1137.25,659293
360ONE,2025-06-23,1120.6,1163.65,1118.5,1157.45,454188
360ONE,2025-06-24,1165.45,1188.8,1141.0,1147.65,444866
360ONE,2025-06-25,1151.25,1200.0,1140.15,1190.0,879204
360ONE,2025-06-26,1202.0,1202.95,1147.1,1164.85,1806780
360ONE,2025-06-27,1180.0,1208.7,1170.0,1195.7,3387240
360ONE,2025-06-30,1206.5,1206.5,1178.0,1194.5,2857456
360ONE,2025-07-01,1198.0,1208.4,1170.0,1175.5,1117721
360ONE,2025-07-02,1179.9,1189.1,1155.1,1177.2,561379
360ONE,2025-07-03,1177.9,1235.5,1174.9,1226.6,931488
360ONE,2025-07-04,1226.6,1253.9,1192.3,1245.4,1368232
360ONE,2025-07-07,1244.0,1273.8,1235.1,1253.0,1067244
360ONE,2025-07-08,1241.0,1249.5,1173.8,1220.4,1215703
360ONE,2025-07-09,1211.0,1219.0,1188.0,1194.6,605122
360ONE,2025-07-10,1194.6,1206.4,1185.4,1194.4,735700
360ONE,2025-07-11,1193.0,1214.6,1183.5,1194.0,455960
360ONE,2025-07-14,1191.1,1206.0,1176.4,1188.2,584814
360ONE,2025-07-15,1197.5,1207.6,1180.0,1197.3,379530
360ONE,2025-07-16,1200.3,1203.1,1181.9,1197.6,601079
360ONE,2025-07-17,1205.0,1209.7,1189.3,1205.6,484846
360ONE,2025-07-18,1214.0,1227.0,1184.0,1202.2,1678716
360ONE,2025-07-21,1201.9,1228.8,1186.5,1221.2,441201
360ONE,2025-07-22,1175.9,1175.9,1130.0,1144.1,28185822
360ONE,2025-07-23,1140.0,1146.4,1122.1,1125.0,1356863
360ONE,2025-07-24,1122.0,1140.7,1115.5,1118.6,2553892
360ONE,2025-07-25,1119.7,1119.7,1069.0,1077.9,1051171
360ONE,2025-07-28,1072.0,1081.0,1065.0,1074.6,1105938
360ONE,2025-07-29,1070.0,1087.0,1059.0,1082.4,690591
360ONE,2025-07-30,1066.1,1085.0,1057.9,1060.2,995837
360ONE,2025-07-31,1050.1,1061.9,1032.0,1052.7,1243584
360ONE,2025-08-01,1053.0,1068.0,1046.2,1052.5,457383
360ONE,2025-08-04,1050.0,1062.2,1039.9,1052.0,572079
360ONE,2025-08-05,1060.0,1072.9,1052.8,1065.8,497259
360ONE,2025-08-06,1069.9,1075.5,1050.7,1056.8,406828
360ONE,2025-08-07,1056.0,1067.8,1046.0,1065.4,695308
360ONE,2025-08-08,1066.0,1070.0,1040.0,1042.8,563345
360ONE,2025-08-11,1046.2,1049.2,1027.0,1042.8,355749
360ONE,2025-08-12,1042.8,1043.8,1014.2,1018.6,1242101
360ONE,2025-08-13,1018.8,1038.0,1015.6,1028.0,326152
360ONE,2025-08-14,1028.1,1046.2,1022.6,1038.5,583115
360ONE,2025-08-18,1046.6,1073.5,1038.4,1062.3,418393
360ONE,2025-08-19,1064.2,1082.4,1058.4,1078.9,487563
360ONE,2025-08-20,1074.9,1108.3,1070.0,1102.9,1046821
360ONE,2025-08-21,1104.9,1104.9,1073.4,1081.6,532904
360ONE,2025-08-22,1074.9,1088.4,1070.2,1077.6,742717
360ONE,2025-08-25,1081.6,1099.5,1070.0,1092.7,853932
360ONE,2025-08-26,1092.7,1110.9,1081.1,1087.4,2422947
360ONE,2025-08-28,1080.2,1083.5,1028.1,1043.9,873607
360ONE,2025-08-29,1037.0,1045.0,1013.3,1018.1,644147
360ONE,2025-09-01,1018.1,1040.0,1013.3,1030.8,263961
360ONE,2025-09-02,1034.0,1047.0,1020.4,1024.8,714095
360ONE,2025-09-03,1020.7,1044.9,1013.3,1040.2,883948
360ONE,2025-09-04,1043.0,1050.0,1024.3,1032.8,586066
360ONE,2025-09-05,1035.0,1052.0,1028.9,1037.6,311880
360ONE,2025-09-08,1041.9,1054.4,1033.6,1040.0,643249
360ONE,2025-09-09,1040.1,1050.0,1038.0,1043.9,819360
360ONE,2025-09-10,1043.9,1082.4,1043.6,1078.0,1184367
360ONE,2025-09-11,1073.0,1075.0,1054.5,1057.1,430699
360ONE,2025-09-12,1066.0,1071.0,1048.2,1068.8,343905
360ONE,2025-09-15,1059.1,1082.9,1059.0,1079.0,353507
360ONE,2025-09-16,1079.0,1097.1,1078.3,1091.1,461518
360ONE,2025-09-17,1090.7,1107.6,1089.5,1103.0,414858
360ONE,2025-09-18,1103.0,1105.0,1094.2,1102.1,196378
360ONE,2025-09-19,1102.3,1104.0,1075.0,1080.8,857322
360ONE,2025-09-22,1071.0,1087.0,1042.2,1050.4,798208
360ONE,2025-09-23,1048.0,1053.3,1015.4,1019.6,1808589
360ONE,2025-09-24,1022.0,1033.0,1005.1,1026.5,1158063
360ONE,2025-09-25,1025.0,1029.2,1012.0,1022.1,892451
360ONE,2025-09-26,1016.0,1024.2,996.8,1001.8,943039
360ONE,2025-09-29,1002.0,1040.7,1002.0,1028.7,1111488
360ONE,2025-09-30,1038.0,1038.0,1011.9,1024.0,507273
360ONE,2025-10-01,1028.9,1040.2,1013.0,1036.5,593561
360ONE,2025-10-03,1044.9,1051.7,1033.2,1049.2,458130
360ONE,2025-10-06,1054.0,1065.2,1046.8,1062.4,266966
360ONE,2025-10-07,1060.0,1078.0,1054.6,1069.4,650935
360ONE,2025-10-08,1066.9,1105.8,1064.7,1085.3,1594145
360ONE,2025-10-09,1093.8,1093.8,1076.5,1084.4,283733
360ONE,2025-10-10,1086.6,1099.9,1077.8,1095.1,257260
360ONE,2025-10-13,1085.0,1104.0,1083.0,1101.4,651135
360ONE,2025-10-14,1106.1,1131.6,1101.5,1126.7,1375997
360ONE,2025-10-15,1131.0,1172.0,1117.3,1160.4,2005553
360ONE,2025-10-16,1174.0,1179.8,1158.0,1171.8,915145
360ONE,2025-10-17,1172.5,1182.2,1143.1,1164.9,778522
360ONE,2025-10-20,1165.0,1194.8,1143.6,1183.3,2812550
360ONE,2025-10-21,1200.1,1200.1,1170.0,1175.4,136457
360ONE,2025-10-23,1160.0,1188.4,1160.0,1178.9,652187
360ONE,2025-10-24,1185.1,1192.2,1170.2,1185.7,494044
360ONE,2025-10-27,1179.8,1189.8,1167.8,1173.0,607697
360ONE,2025-10-28,1173.4,1183.4,1166.1,1171.8,500694
360ONE,2025-10-29,1146.6,1146.6,1104.2,1126.7,1726758
360ONE,2025-10-30,1134.9,1137.8,1117.2,1119.6,310232
360ONE,2025-10-31,1121.5,1123.9,1074.0,1080.7,587485
360ONE,2025-11-03,1088.7,1104.9,1084.3,1093.6,343479
360ONE,2025-11-04,1099.0,1099.4,1071.9,1079.1,458901
360ONE,2025-11-06,1081.6,1084.1,1062.7,1068.2,396590
360ONE,2025-11-07,1060.0,1076.3,1052.4,1066.0,922625
360ONE,2025-11-10,1069.5,1079.0,1056.6,1074.6,308692
360ONE,2025-11-11,1073.1,1089.1,1051.1,1070.0,466556
360ONE,2025-11-12,1080.8,1096.9,1072.8,1089.0,341552
360ONE,2025-11-13,1089.0,1095.0,1075.8,1085.6,457966
360ONE,2025-11-14,1087.0,1089.8,1059.0,1065.4,601566
360ONE,2025-11-17,1062.2,1080.0,1060.2,1071.8,441511
360ONE,2025-11-18,1079.8,1081.4,1056.0,1078.0,488323
360ONE,2025-11-19,1080.0,1125.8,1066.9,1119.2,1078355
360ONE,2025-11-20,1128.9,1144.9,1117.6,1142.1,1134821
360ONE,2025-11-21,1142.1,1157.3,1121.0,1139.7,2783024
360ONE,2025-11-24,1147.6,1154.3,1122.4,1129.8,2106550
360ONE,2025-11-25,1121.1,1144.0,1110.3,1120.0,902708
360ONE,2025-11-26,1121.9,1158.4,1121.9,1150.0,1023674
360ONE,2025-11-27,1150.0,1173.9,1141.0,1166.6,490617
360ONE,2025-11-28,1165.9,1186.0,1144.0,1183.2,1176162
360ONE,2025-12-01,1184.9,1198.6,1181.2,1189.3,560894
360ONE,2025-12-02,1189.0,1189.0,1157.5,1162.9,492146
360ONE,2025-12-03,1162.0,1168.0,1140.0,1148.1,323061
360ONE,2025-12-04,1151.9,1187.8,1123.9,1127.9,312892
360ONE,2025-12-05,1125.1,1156.6,1114.1,1146.7,476537
360ONE,2025-12-08,1141.0,1179.0,1118.2,1128.2,908990
360ONE,2025-12-09,1130.2,1142.5,1111.0,1117.9,1731802
360ONE,2025-12-10,1115.0,1119.4,1092.6,1102.8,413626
360ONE,2025-12-11,1102.0,1143.0,1101.9,1135.8,471538
360ONE,2025-12-12,1135.2,1147.0,1127.7,1142.2,258119
360ONE,2025-12-15,1142.2,1158.0,1130.3,1144.7,1417718
360ONE,2025-12-16,1146.0,1149.8,1126.7,1133.4,276111
360ONE,2025-12-17,1139.2,1153.1,1120.1,1126.1,1050366
360ONE,2025-12-18,1137.2,1152.7,1122.8,1143.2,356957
360ONE,2025-12-19,1142.0,1150.1,1124.3,1138.9,1662158
360ONE,2025-12-22,1134.4,1170.1,1120.0,1165.5,332048
360ONE,2025-12-23,1169.9,1186.6,1158.0,1181.7,473322
360ONE,2025-12-24,1190.0,1217.0,1180.3,1196.0,1291909
360ONE,2025-12-26,1191.5,1207.1,1172.6,1179.4,223587
360ONE,2025-12-29,1179.8,1188.0,1165.2,1170.6,223221
360ONE,2025-12-30,1164.4,1217.9,1164.3,1191.6,939031
360ONE,2025-12-31,1198.0,1198.0,1170.2,1190.0,357058
360ONE,2026-01-01,1198.0,1198.0,1171.3,1179.7,132449
360ONE,2026-01-02,1179.7,1213.7,1171.2,1200.1,343492
360ONE,2026-01-05,1208.0,1221.0,1191.7,1199.0,458955
360ONE,2026-01-06,1205.0,1209.9,1175.5,1187.0,388064
360ONE,2026-01-07,1180.1,1200.4,1168.5,1191.8,1265898
360ONE,2026-01-08,1190.0,1197.1,1170.3,1182.9,1029259
360ONE,2026-01-09,1180.0,1184.4,1130.0,1140.9,1067665
360ONE,2026-01-12,1140.9,1154.9,1117.5,1130.5,2217034
360ONE,2026-01-13,1132.0,1153.6,1120.5,1136.8,732421
360ONE,2026-01-14,1135.4,1164.3,1130.1,1149.2,665428
360ONE,2026-01-16,1190.0,1236.2,1187.0,1197.7,4335885
360ONE,2026-01-19,1193.9,1228.0,1161.2,1170.1,4730830
360ONE,2026-01-20,1162.0,1163.9,1123.5,1129.6,1700344
360ONE,2026-01-21,1124.2,1133.9,1088.1,1095.3,841203
360ONE,2026-01-22,1103.0,1117.1,1097.1,1106.3,1863695
360ONE,2026-01-23,1109.9,1134.1,1100.2,1112.3,1476232
360ONE,2026-01-27,1108.0,1125.0,1100.3,1113.7,2585701
360ONE,2026-01-28,1111.0,1152.0,1104.1,1139.9,1596026
360ONE,2026-01-29,1139.8,1143.2,1122.0,1135.8,927491
360ONE,2026-01-30,1135.2,1157.9,1125.4,1134.3,959196
360ONE,2026-02-01,1134.3,1135.1,1025.1,1101.8,1075542
360ONE,2026-02-02,1092.0,1125.0,1067.4,1110.5,1295821
360ONE,2026-02-03,1150.0,1188.5,1150.0,1167.6,1208601
360ONE,2026-02-04,1143.0,1170.3,1136.8,1166.1,991518
360ONE,2026-02-05,1166.8,1171.9,1131.2,1140.8,879272
360ONE,2026-02-06,1132.0,1135.0,1102.0,1113.9,561036
360ONE,2026-02-09,1114.9,1140.0,1114.9,1138.3,357498
360ONE,2026-02-10,1138.0,1170.3,1124.0,1162.4,1057832
360ONE,2026-02-11,1163.1,1163.2,1126.7,1138.4,766800
360ONE,2026-02-12,1135.0,1146.8,1110.6,1144.4,568928
360ONE,2026-02-13,1136.3,1146.2,1115.6,1126.8,471438
360ONE,2026-02-16,1109.0,1135.8,1093.9,1119.6,761308
360ONE,2026-02-17,1112.6,1131.4,1112.6,1124.6,884322
360ONE,2026-02-18,1124.0,1142.0,1120.3,1127.2,311999
360ONE,2026-02-19,1122.6,1129.7,1089.4,1104.5,648460
360ONE,2026-02-20,1104.5,1111.2,1083.8,1100.6,405322
360ONE,2026-02-23,1110.0,1130.0,1100.1,1126.9,793296
360ONE,2026-02-24,1120.0,1129.0,1099.0,1113.4,432011
360ONE,2026-02-25,1120.0,1137.3,1104.5,1131.8,682336
360ONE,2026-02-26,1134.6,1142.9,1119.1,1128.3,628620
360ONE,2026-02-27,1130.0,1130.0,1093.0,1103.6,1253674
360ONE,2026-03-02,1055.0,1094.8,1048.2,1074.7,1837718
360ONE,2026-03-04,1056.3,1071.2,1039.3,1066.4,1197644
360ONE,2026-03-05,1065.3,1084.1,1065.3,1081.0,315551
360ONE,2026-03-06,1074.0,1084.4,1061.3,1064.2,276113
360ONE,2026-03-09,1049.1,1058.0,1022.4,1035.1,1439537
360ONE,2026-03-10,1039.9,1060.3,1032.8,1055.8,326555
360ONE,2026-03-11,1055.0,1065.0,1040.0,1048.1,745098
360ONE,2026-03-12,1040.0,1049.1,1017.3,1043.4,934229
360ONE,2026-03-13,1041.9,1041.9,1021.5,1027.4,582449
360ONE,2026-03-16,1025.0,1038.9,1010.3,1022.9,331156
360ONE,2026-03-17,1022.9,1045.9,1020.1,1043.4,433488
360ONE,2026-03-18,1050.0,1088.5,1041.5,1069.8,566638
360ONE,2026-03-19,1059.1,1065.0,1036.0,1040.5,563719
360ONE,2026-03-20,1034.6,1055.0,1034.6,1040.6,413078
360ONE,2026-03-23,1040.6,1040.6,973.9,985.4,550431
360ONE,2026-03-24,996.0,1010.0,984.3,989.3,2023338
360ONE,2026-03-25,999.8,1018.8,992.1,1002.1,871077
360ONE,2026-03-27,998.0,998.9,969.8,977.4,602539
360ONE,2026-03-30,969.1,969.1,932.1,949.6,1347427
360ONE,2026-04-01,966.05,982.7,950.0,953.05,610228
360ONE,2026-04-02,936.0,940.25,915.0,933.85,636396
360ONE,2026-04-06,931.0,940.25,918.55,929.45,2743646
360ONE,2026-04-07,925.15,934.7,906.05,929.25,703930
360ONE,2026-04-08,962.0,985.85,958.55,971.7,3000755
360ONE,2026-04-09,971.75,1015.95,964.6,998.1,3056871
360ONE,2026-04-10,998.0,1022.0,992.65,1012.65,1139241
360ONE,2026-04-13,991.0,1015.65,976.4,1009.5,604509
360ONE,2026-04-15,1026.95,1065.8,1020.25,1056.0,1795093
360ONE,2026-04-16,1071.0,1085.0,1056.9,1076.45,796315
360ONE,2026-04-17,1084.0,1124.0,1078.85,1113.3,2641982
360ONE,2026-04-20,1107.7,1127.65,1096.75,1109.25,671866
360ONE,2026-04-21,1116.0,1132.0,1096.5,1108.35,1199787
360ONE,2026-04-22,1114.0,1123.8,1042.0,1054.9,5903548
360ONE,2026-04-23,1049.0,1057.0,1033.8,1052.25,1335631
360ONE,2026-04-24,1056.9,1062.45,1030.2,1039.6,896365
360ONE,2026-04-27,1034.9,1046.45,1025.0,1042.05,592351
360ONE,2026-04-28,1041.0,1049.5,1030.05,1038.95,645825
360ONE,2026-04-29,1045.0,1055.5,1034.15,1046.8,687054
360ONE,2026-04-30,1038.2,1041.35,1009.0,1034.65,1026753
360ONE,2026-05-04,1041.0,1072.4,1033.4,1066.5,2455293
360ONE,2026-05-05,1065.6,1085.6,1050.5,1070.7,1750453
360ONE,2026-05-06,1079.8,1097.6,1075.0,1084.1,2173450
360ONE,2026-05-07,1084.1,1118.0,1083.0,1111.7,809803
360ONE,2026-05-08,1112.9,1134.9,1105.7,1118.5,732727
360ONE,2026-05-11,1115.0,1134.4,1111.0,1115.3,935561
360ONE,2026-05-12,1105.1,1115.3,1097.5,1112.0,152922
3BBLACKBIO,2026-04-20,1329.55,1346.85,1281.1,1301.9,4965
3BBLACKBIO,2026-04-21,1310.0,1410.0,1287.15,1388.05,14954
3BBLACKBIO,2026-04-22,1399.0,1399.0,1341.05,1355.15,3250
3BBLACKBIO,2026-04-23,1341.0,1359.65,1261.3,1291.8,8436
3BBLACKBIO,2026-04-24,1300.05,1333.8,1282.65,1322.35,4115
3BBLACKBIO,2026-04-27,1323.05,1362.3,1293.15,1298.85,4597
3BBLACKBIO,2026-04-28,1312.55,1323.4,1301.0,1310.6,2074
3BBLACKBIO,2026-04-29,1319.0,1319.0,1237.8,1264.7,16393
3BBLACKBIO,2026-04-30,1258.4,1261.25,1166.5,1199.3,16417
3BBLACKBIO,2026-05-04,1203.3,1267.2,1203.3,1258.5,3855
3BBLACKBIO,2026-05-05,1259.8,1294.1,1220.1,1283.0,7486
3BBLACKBIO,2026-05-06,1296.7,1325.0,1269.0,1318.0,10341
3BBLACKBIO,2026-05-07,1308.7,1319.8,1281.0,1299.6,19427
3BBLACKBIO,2026-05-08,1308.3,1308.3,1261.6,1294.1,6570
3BBLACKBIO,2026-05-11,1324.9,1324.9,1240.0,1249.4,7584
3BBLACKBIO,2026-05-12,1269.8,1290.0,1250.0,1251.5,2325
3IINFOLTD,2025-03-18,20.96,21.65,20.85,20.97,1580706
3IINFOLTD,2025-03-19,21.04,21.97,21.03,21.57,1898655
3IINFOLTD,2025-03-20,21.7,22.41,21.44,21.48,950576
3IINFOLTD,2025-03-21,21.6,22.13,21.33,21.72,1409108
3IINFOLTD,2025-03-24,21.8,22.84,21.8,22.48,1407168
3IINFOLTD,2025-03-25,22.6,22.78,21.09,21.33,1539668
3IINFOLTD,2025-03-26,21.79,21.79,20.42,20.54,1880900
3IINFOLTD,2025-03-27,20.52,21.22,20.0,20.83,2291804
3IINFOLTD,2025-03-28,20.85,21.57,20.0,20.05,1385796
3IINFOLTD,2025-04-01,20.05,20.8,19.96,20.69,716570
3IINFOLTD,2025-04-02,20.71,21.42,20.43,21.37,604556
3IINFOLTD,2025-04-03,21.31,21.75,21.0,21.66,507106
3IINFOLTD,2025-04-04,21.66,21.7,20.94,21.04,476834
3IINFOLTD,2025-04-07,20.36,20.42,19.16,19.69,932282
3IINFOLTD,2025-04-08,20.11,20.4,19.77,20.33,343063
3IINFOLTD,2025-04-09,20.14,20.47,19.87,20.3,233162
3IINFOLTD,2025-04-11,20.61,20.83,19.89,19.98,663798
3IINFOLTD,2025-04-15,20.12,21.08,20.12,20.84,620322
3IINFOLTD,2025-04-16,20.85,21.39,20.84,21.07,419424
3IINFOLTD,2025-04-17,21.14,21.28,20.95,21.09,308798
3IINFOLTD,2025-04-21,21.27,23.05,21.0,22.41,1273442
3IINFOLTD,2025-04-22,22.49,22.49,21.99,22.24,437231
3IINFOLTD,2025-04-23,22.56,24.42,21.91,23.88,3123308
3IINFOLTD,2025-04-24,23.87,24.12,23.37,23.53,724131
3IINFOLTD,2025-04-25,23.41,23.65,22.27,22.59,887183
3IINFOLTD,2025-04-28,22.38,22.81,22.12,22.49,396736
3IINFOLTD,2025-04-29,22.29,23.17,22.29,22.53,380431
3IINFOLTD,2025-04-30,22.31,22.54,21.62,21.92,446268
3IINFOLTD,2025-05-02,21.92,23.5,21.43,22.06,614896
3IINFOLTD,2025-05-05,22.23,22.47,21.69,22.05,338473
3IINFOLTD,2025-05-06,22.05,22.15,21.32,21.37,222310
3IINFOLTD,2025-05-07,21.03,21.42,20.85,21.32,420489
3IINFOLTD,2025-05-08,21.39,21.67,20.86,21.05,288505
3IINFOLTD,2025-05-09,20.74,23.32,20.54,21.37,765446
3IINFOLTD,2025-05-12,21.8,22.74,21.8,22.55,562840
3IINFOLTD,2025-05-13,22.71,23.22,22.48,22.98,471382
3IINFOLTD,2025-05-14,23.16,23.38,22.8,23.3,637873
3IINFOLTD,2025-05-15,25.21,26.02,24.42,24.79,2465504
3IINFOLTD,2025-05-16,24.93,25.07,23.96,24.14,1018740
3IINFOLTD,2025-05-19,24.07,24.83,23.8,23.97,961302
3IINFOLTD,2025-05-20,24.02,24.41,23.75,23.94,598803
3IINFOLTD,2025-05-21,23.94,23.99,23.51,23.79,288451
3IINFOLTD,2025-05-22,23.69,23.9,23.22,23.5,386175
3IINFOLTD,2025-05-23,23.55,24.14,23.33,23.92,492072
3IINFOLTD,2025-05-26,23.81,24.26,23.81,24.05,312095
3IINFOLTD,2025-05-27,24.1,24.1,23.5,23.73,323692
3IINFOLTD,2025-05-28,23.63,24.22,23.63,23.87,414840
3IINFOLTD,2025-05-29,23.99,24.23,23.65,23.72,366309
3IINFOLTD,2025-05-30,23.74,23.87,23.46,23.53,308327
3IINFOLTD,2025-06-02,23.53,24.61,23.37,23.87,743939
3IINFOLTD,2025-06-03,23.75,24.23,23.5,23.58,328306
3IINFOLTD,2025-06-04,23.58,23.69,23.13,23.5,280480
3IINFOLTD,2025-06-05,23.47,24.11,23.15,23.23,441150
3IINFOLTD,2025-06-06,23.22,23.77,23.11,23.39,375539
3IINFOLTD,2025-06-09,23.43,24.05,23.43,23.78,594423
3IINFOLTD,2025-06-10,23.92,25.87,23.81,25.17,2403390
3IINFOLTD,2025-06-11,25.34,25.97,24.85,25.29,822686
3IINFOLTD,2025-06-12,25.28,25.54,24.27,24.56,1075316
3IINFOLTD,2025-06-13,23.74,24.59,23.74,24.18,553845
3IINFOLTD,2025-06-16,23.69,24.64,23.32,24.34,646271
3IINFOLTD,2025-06-17,24.43,25.45,24.02,24.26,1064047
3IINFOLTD,2025-06-18,24.35,24.36,23.71,23.81,354274
3IINFOLTD,2025-06-19,23.98,24.09,22.92,23.13,513676
3IINFOLTD,2025-06-20,23.13,23.54,22.85,23.25,442459
3IINFOLTD,2025-06-23,23.02,23.46,22.8,23.3,379511
3IINFOLTD,2025-06-24,23.69,24.14,23.59,23.73,425002
3IINFOLTD,2025-06-25,23.84,24.69,23.84,24.47,516882
3IINFOLTD,2025-06-26,24.46,24.81,24.05,24.19,430137
3IINFOLTD,2025-06-27,24.35,24.53,23.88,23.91,348593
3IINFOLTD,2025-06-30,23.89,24.26,23.66,23.71,583347
3IINFOLTD,2025-07-01,23.72,24.12,23.55,23.69,411127
3IINFOLTD,2025-07-02,23.41,23.8,23.14,23.48,525256
3IINFOLTD,2025-07-03,23.47,23.58,23.13,23.2,432916
3IINFOLTD,2025-07-04,23.3,23.37,22.95,23.12,587195
3IINFOLTD,2025-07-07,23.11,23.38,22.84,22.9,411181
3IINFOLTD,2025-07-08,22.93,23.45,22.66,22.8,482992
3IINFOLTD,2025-07-09,22.92,23.45,22.75,22.83,323675
3IINFOLTD,2025-07-10,22.93,23.39,22.65,22.79,486884
3IINFOLTD,2025-07-11,22.75,22.94,22.37,22.56,386081
3IINFOLTD,2025-07-14,22.56,22.75,22.21,22.3,402368
3IINFOLTD,2025-07-15,22.41,22.67,22.35,22.58,283065
3IINFOLTD,2025-07-16,22.42,24.64,22.42,24.33,2615424
3IINFOLTD,2025-07-17,24.4,25.07,24.11,24.29,1120475
3IINFOLTD,2025-07-18,24.39,24.48,23.74,23.85,609613
3IINFOLTD,2025-07-21,23.79,23.81,23.22,23.31,326601
3IINFOLTD,2025-07-22,23.5,23.64,23.13,23.22,274520
3IINFOLTD,2025-07-23,23.14,23.37,22.75,22.87,454200
3IINFOLTD,2025-07-24,22.87,23.2,22.75,22.78,362098
3IINFOLTD,2025-07-25,22.78,23.08,22.37,22.39,354707
3IINFOLTD,2025-07-28,22.38,22.7,21.94,22.13,431391
3IINFOLTD,2025-07-29,21.99,23.04,21.82,22.82,339192
3IINFOLTD,2025-07-30,23.13,23.13,22.6,22.82,208201
3IINFOLTD,2025-07-31,22.46,23.2,21.8,22.8,290141
3IINFOLTD,2025-08-01,22.84,23.04,22.14,22.21,304495
3IINFOLTD,2025-08-04,22.21,22.48,21.89,22.05,170934
3IINFOLTD,2025-08-05,22.08,22.37,21.76,21.86,268517
3IINFOLTD,2025-08-06,21.79,22.23,21.69,21.81,290626
3IINFOLTD,2025-08-07,21.8,22.17,21.17,21.8,342062
3IINFOLTD,2025-08-08,21.89,22.01,21.42,21.6,171153
3IINFOLTD,2025-08-11,21.59,21.79,21.37,21.49,132908
3IINFOLTD,2025-08-12,21.42,21.69,21.27,21.33,133337
3IINFOLTD,2025-08-13,21.7,21.7,20.95,21.27,125377
3IINFOLTD,2025-08-14,21.27,21.42,20.96,21.04,262379
3IINFOLTD,2025-08-18,21.09,21.35,20.85,20.94,199393
3IINFOLTD,2025-08-19,20.85,21.37,20.85,21.19,285543
3IINFOLTD,2025-08-20,21.32,21.61,21.23,21.5,219892
3IINFOLTD,2025-08-21,21.51,22.18,21.45,21.68,251003
3IINFOLTD,2025-08-22,21.68,22.97,21.54,22.44,617864
3IINFOLTD,2025-08-25,22.53,22.83,22.4,22.45,131695
3IINFOLTD,2025-08-26,22.53,22.53,21.8,21.86,119233
3IINFOLTD,2025-08-28,21.86,21.9,21.37,21.51,102451
3IINFOLTD,2025-08-29,21.56,21.81,21.37,21.52,168779
3IINFOLTD,2025-09-01,21.56,21.74,21.44,21.52,155761
3IINFOLTD,2025-09-02,21.6,22.6,21.59,22.18,280579
3IINFOLTD,2025-09-03,22.45,22.45,21.93,22.18,164223
3IINFOLTD,2025-09-04,22.65,22.65,21.8,21.87,188379
3IINFOLTD,2025-09-05,21.98,22.27,21.7,22.0,178453
3IINFOLTD,2025-09-08,22.11,22.6,22.05,22.15,215833
3IINFOLTD,2025-09-09,22.18,22.32,21.96,21.98,126074
3IINFOLTD,2025-09-10,22.0,25.02,22.0,23.15,1293481
3IINFOLTD,2025-09-11,23.27,23.62,22.79,22.9,269118
3IINFOLTD,2025-09-12,22.93,23.87,22.93,23.31,498419
3IINFOLTD,2025-09-15,23.07,23.54,23.07,23.32,259467
3IINFOLTD,2025-09-16,23.46,23.57,23.22,23.24,230458
3IINFOLTD,2025-09-17,23.39,23.66,23.36,23.55,304772
3IINFOLTD,2025-09-18,23.69,24.17,23.39,23.65,617070
3IINFOLTD,2025-09-19,23.65,24.52,22.95,23.71,952347
3IINFOLTD,2025-09-22,23.69,23.7,22.94,23.04,409624
3IINFOLTD,2025-09-23,23.03,23.32,23.03,23.11,210741
3IINFOLTD,2025-09-24,23.0,23.45,22.91,23.07,312586
3IINFOLTD,2025-09-25,23.26,23.26,22.18,22.6,578878
3IINFOLTD,2025-09-26,22.58,22.58,21.61,21.98,1237442
3IINFOLTD,2025-09-29,21.62,21.94,20.85,20.97,798695
3IINFOLTD,2025-09-30,21.01,21.8,20.83,21.57,423526
3IINFOLTD,2025-10-01,21.46,21.8,21.33,21.58,310846
3IINFOLTD,2025-10-03,21.58,22.25,21.55,22.14,438826
3IINFOLTD,2025-10-06,22.14,22.16,21.25,21.35,282196
3IINFOLTD,2025-10-07,21.35,21.35,19.66,19.99,1154632
3IINFOLTD,2025-10-08,20.02,20.09,19.5,19.6,782105
3IINFOLTD,2025-10-09,19.6,19.7,19.05,19.12,500113
3IINFOLTD,2025-10-10,19.22,19.96,19.21,19.81,698691
3IINFOLTD,2025-10-13,19.81,20.08,19.53,19.83,544348
3IINFOLTD,2025-10-14,20.05,20.05,19.59,19.62,286382
3IINFOLTD,2025-10-15,19.8,20.09,19.35,19.57,432457
3IINFOLTD,2025-10-16,19.47,19.69,19.4,19.44,229388
3IINFOLTD,2025-10-17,19.44,19.5,19.0,19.09,406123
3IINFOLTD,2025-10-20,19.1,19.22,18.96,19.07,274338
3IINFOLTD,2025-10-21,19.11,19.32,19.08,19.17,157035
3IINFOLTD,2025-10-23,19.2,19.38,19.08,19.2,418457
3IINFOLTD,2025-10-24,19.24,21.74,19.24,20.05,3339705
3IINFOLTD,2025-10-27,20.18,20.79,19.85,19.97,671001
3IINFOLTD,2025-10-28,20.01,20.8,19.95,20.56,739143
3IINFOLTD,2025-10-29,19.81,19.94,18.38,18.53,4077426
3IINFOLTD,2025-10-30,17.5,17.75,17.06,17.19,4210276
3IINFOLTD,2025-10-31,17.29,17.82,17.19,17.53,1603459
3IINFOLTD,2025-11-03,17.66,17.75,17.4,17.49,620819
3IINFOLTD,2025-11-04,17.49,17.56,17.21,17.27,610624
3IINFOLTD,2025-11-06,17.34,17.35,16.97,17.05,747570
3IINFOLTD,2025-11-07,17.04,17.04,16.69,16.83,560997
3IINFOLTD,2025-11-10,16.93,17.12,16.8,16.97,612392
3IINFOLTD,2025-11-11,17.0,17.04,16.74,16.9,410788
3IINFOLTD,2025-11-12,17.0,17.38,16.83,17.27,811560
3IINFOLTD,2025-11-13,17.77,18.5,17.6,18.25,2501877
3IINFOLTD,2025-11-14,18.3,18.44,18.03,18.2,525329
3IINFOLTD,2025-11-17,18.23,18.25,17.61,17.71,483566
3IINFOLTD,2025-11-18,17.74,17.94,17.35,17.48,385131
3IINFOLTD,2025-11-19,17.5,17.55,17.25,17.43,331798
3IINFOLTD,2025-11-20,17.65,17.65,17.2,17.34,372209
3IINFOLTD,2025-11-21,17.32,17.49,17.1,17.21,270180
3IINFOLTD,2025-11-24,17.21,17.44,16.88,17.0,524005
3IINFOLTD,2025-11-25,17.16,17.2,16.82,16.97,212820
3IINFOLTD,2025-11-26,17.1,17.15,16.9,17.0,357993
3IINFOLTD,2025-11-27,17.05,17.2,16.93,16.96,311453
3IINFOLTD,2025-11-28,17.1,17.26,16.9,16.97,394657
3IINFOLTD,2025-12-01,16.97,17.1,16.75,16.83,384611
3IINFOLTD,2025-12-02,16.95,16.95,16.65,16.77,221591
3IINFOLTD,2025-12-03,16.77,16.9,16.53,16.68,285364
3IINFOLTD,2025-12-04,16.75,17.15,16.6,16.7,612008
3IINFOLTD,2025-12-05,16.7,16.9,16.55,16.65,279747
3IINFOLTD,2025-12-08,16.65,16.84,16.22,16.29,441853
3IINFOLTD,2025-12-09,16.29,16.46,15.6,15.96,682395
3IINFOLTD,2025-12-10,16.14,16.48,16.1,16.24,366659
3IINFOLTD,2025-12-11,16.24,16.42,15.96,16.2,255434
3IINFOLTD,2025-12-12,16.14,16.48,16.08,16.35,346500
3IINFOLTD,2025-12-15,16.35,16.75,16.15,16.21,277962
3IINFOLTD,2025-12-16,16.21,16.3,16.0,16.09,197862
3IINFOLTD,2025-12-17,16.09,16.18,15.85,15.93,209894
3IINFOLTD,2025-12-18,15.99,16.0,15.66,15.71,313882
3IINFOLTD,2025-12-19,15.8,16.3,15.67,16.2,346559
3IINFOLTD,2025-12-22,16.2,17.62,16.2,17.09,628371
3IINFOLTD,2025-12-23,17.38,17.4,17.15,17.33,325500
3IINFOLTD,2025-12-24,17.42,17.42,16.8,16.87,304768
3IINFOLTD,2025-12-26,16.88,16.98,16.69,16.75,262055
3IINFOLTD,2025-12-29,16.96,16.96,16.42,16.67,457505
3IINFOLTD,2025-12-30,16.7,16.7,16.36,16.55,173200
3IINFOLTD,2025-12-31,16.69,16.8,16.5,16.61,289249
3IINFOLTD,2026-01-01,16.76,16.94,16.58,16.66,150544
3IINFOLTD,2026-01-02,16.94,17.1,16.67,16.9,314404
3IINFOLTD,2026-01-05,16.9,16.99,16.5,16.66,261316
3IINFOLTD,2026-01-06,16.66,16.8,16.46,16.52,340985
3IINFOLTD,2026-01-07,16.59,16.75,16.59,16.69,189093
3IINFOLTD,2026-01-08,16.6,17.0,16.15,16.2,702748
3IINFOLTD,2026-01-09,16.2,16.35,15.3,15.38,1709248
3IINFOLTD,2026-01-12,15.4,15.41,14.6,14.99,814143
3IINFOLTD,2026-01-13,15.15,16.65,14.61,15.14,493186
3IINFOLTD,2026-01-14,15.09,15.35,15.03,15.21,294033
3IINFOLTD,2026-01-16,15.31,15.9,15.0,15.18,356028
3IINFOLTD,2026-01-19,15.16,15.33,15.1,15.17,282583
3IINFOLTD,2026-01-20,15.2,15.25,14.79,14.83,808943
3IINFOLTD,2026-01-21,14.82,14.9,14.5,14.62,270299
3IINFOLTD,2026-01-22,14.85,15.07,14.7,14.91,297917
3IINFOLTD,2026-01-23,14.7,15.0,14.7,14.86,228847
3IINFOLTD,2026-01-27,14.85,14.85,14.4,14.54,279020
3IINFOLTD,2026-01-28,14.54,15.85,14.54,15.14,494473
3IINFOLTD,2026-01-29,15.14,15.84,14.97,15.26,604469
3IINFOLTD,2026-01-30,15.26,15.26,14.7,14.97,256725
3IINFOLTD,2026-02-01,15.0,15.25,14.68,14.95,180209
3IINFOLTD,2026-02-02,14.94,15.12,14.5,14.88,312088
3IINFOLTD,2026-02-03,15.1,15.5,14.88,15.08,450220
3IINFOLTD,2026-02-04,15.23,15.6,14.79,15.49,533942
3IINFOLTD,2026-02-05,15.4,15.49,15.2,15.32,207391
3IINFOLTD,2026-02-06,15.3,15.34,15.17,15.21,254307
3IINFOLTD,2026-02-09,15.21,15.7,15.07,15.54,338687
3IINFOLTD,2026-02-10,15.74,16.44,15.57,16.22,552473
3IINFOLTD,2026-02-11,16.37,16.9,15.81,16.04,316714
3IINFOLTD,2026-02-12,15.96,15.96,15.39,15.5,282591
3IINFOLTD,2026-02-13,15.25,16.36,15.1,15.92,617915
3IINFOLTD,2026-02-16,15.5,15.7,14.64,14.94,633263
3IINFOLTD,2026-02-17,15.08,15.2,14.85,14.99,345054
3IINFOLTD,2026-02-18,14.99,15.09,14.49,14.56,665417
3IINFOLTD,2026-02-19,14.55,14.8,14.48,14.56,497616
3IINFOLTD,2026-02-20,14.56,14.75,14.49,14.53,293356
3IINFOLTD,2026-02-23,14.53,14.63,14.43,14.45,516897
3IINFOLTD,2026-02-24,14.41,14.51,14.09,14.1,460886
3IINFOLTD,2026-02-25,14.2,14.37,13.93,13.97,638302
3IINFOLTD,2026-02-26,13.95,14.12,13.85,13.99,508412
3IINFOLTD,2026-02-27,13.99,14.1,13.9,13.94,329275
3IINFOLTD,2026-03-02,13.68,13.75,13.5,13.55,395280
3IINFOLTD,2026-03-04,13.55,13.55,13.31,13.36,498873
3IINFOLTD,2026-03-05,13.4,13.59,13.29,13.38,287808
3IINFOLTD,2026-03-06,13.48,13.55,13.3,13.36,210187
3IINFOLTD,2026-03-09,13.3,13.3,12.68,12.99,433595
3IINFOLTD,2026-03-10,13.0,13.25,12.97,13.13,349767
3IINFOLTD,2026-03-11,13.4,13.65,13.13,13.24,497434
3IINFOLTD,2026-03-12,13.3,13.35,13.1,13.14,606858
3IINFOLTD,2026-03-13,13.37,13.37,12.71,12.81,550899
3IINFOLTD,2026-03-16,12.91,13.05,12.68,12.86,447673
3IINFOLTD,2026-03-17,13.0,13.04,12.7,12.72,687976
3IINFOLTD,2026-03-18,12.92,13.7,12.85,13.53,988596
3IINFOLTD,2026-03-19,13.39,13.54,13.3,13.49,746345
3IINFOLTD,2026-03-20,13.5,13.9,13.46,13.82,586093
3IINFOLTD,2026-03-23,14.15,14.15,13.06,13.49,1428782
3IINFOLTD,2026-03-24,13.99,13.99,13.55,13.64,1161610
3IINFOLTD,2026-03-25,13.53,13.86,13.0,13.61,1975303
3IINFOLTD,2026-03-27,13.61,13.8,13.35,13.5,1901006
3IINFOLTD,2026-03-30,13.5,14.0,13.21,13.76,1938905
3IINFOLTD,2026-04-01,13.88,14.43,13.88,14.3,660167
3IINFOLTD,2026-04-02,14.15,15.02,13.96,14.83,1209437
3IINFOLTD,2026-04-06,14.83,15.7,14.83,15.36,639657
3IINFOLTD,2026-04-07,15.25,15.93,15.05,15.23,597897
3IINFOLTD,2026-04-08,15.86,15.86,15.4,15.7,456317
3IINFOLTD,2026-04-09,15.7,15.79,15.3,15.37,262171
3IINFOLTD,2026-04-10,15.5,15.86,15.36,15.69,372688
3IINFOLTD,2026-04-13,15.4,16.48,15.31,16.06,797728
3IINFOLTD,2026-04-15,16.49,16.98,16.29,16.9,1161427
3IINFOLTD,2026-04-16,17.0,17.49,16.95,17.33,847964
3IINFOLTD,2026-04-17,17.75,17.75,17.05,17.46,718966
3IINFOLTD,2026-04-20,17.95,17.95,17.38,17.65,514878
3IINFOLTD,2026-04-21,17.7,17.84,17.36,17.65,430216
3IINFOLTD,2026-04-22,17.64,17.94,17.4,17.86,868528
3IINFOLTD,2026-04-23,17.86,17.86,17.48,17.6,559932
3IINFOLTD,2026-04-24,17.61,17.69,17.06,17.64,790069
3IINFOLTD,2026-04-27,17.74,17.8,17.53,17.73,368523
3IINFOLTD,2026-04-28,17.69,17.85,17.58,17.74,294382
3IINFOLTD,2026-04-29,17.74,18.03,17.65,17.79,421512
3IINFOLTD,2026-04-30,17.69,17.94,17.32,17.46,220542
3IINFOLTD,2026-05-04,17.74,17.74,17.24,17.33,118138
3IINFOLTD,2026-05-05,17.5,17.5,17.0,17.08,150465
3IINFOLTD,2026-05-06,17.12,17.58,17.12,17.43,221648
3IINFOLTD,2026-05-07,17.79,17.79,17.43,17.67,240910
3IINFOLTD,2026-05-08,17.67,18.95,17.5,18.11,956978
3IINFOLTD,2026-05-11,17.95,18.11,17.08,17.61,908904
3IINFOLTD,2026-05-12,17.58,17.58,17.11,17.5,157875
